{
  "TL": [
    -89.73790645169126,
    43.43486895382759
  ],
  "TR": [
    -89.72474301317047,
    43.43486895382759
  ],
  "BR": [
    -89.72474301317047,
    43.427622948883084
  ],
  "BL": [
    -89.73790645169126,
    43.427622948883084
  ]
}